{
  "dataset": "truthfulqa/truthful_qa (generation)",
  "base_model": "gpt2-medium",
  "n_train": 927,
  "n_val": 231,
  "n_ood": 476,
  "epochs": 30,
  "metrics": {
    "train": {
      "f1": 0.8603603603603603,
      "precision": 0.8988235294117647,
      "recall": 0.8250539956803455,
      "auc_roc": 0.9644466373724585,
      "accuracy": 0.866235167206041,
      "tn": 421,
      "fp": 43,
      "fn": 81,
      "tp": 382,
      "ece": 0.12664482696377422
    },
    "in_domain_val": {
      "f1": 0.6133333333333333,
      "precision": 0.6330275229357798,
      "recall": 0.5948275862068966,
      "auc_roc": 0.7053973013493253,
      "accuracy": 0.6233766233766234,
      "tn": 75,
      "fp": 40,
      "fn": 47,
      "tp": 69,
      "ece": 0.22738174197518615
    },
    "ood_test": {
      "f1": 0.7427466150870407,
      "precision": 0.6881720430107527,
      "recall": 0.8067226890756303,
      "auc_roc": 0.7881682084598545,
      "accuracy": 0.7205882352941176,
      "tn": 151,
      "fp": 87,
      "fn": 46,
      "tp": 192,
      "ece": 0.1861168543619487
    }
  }
}